-- Candid Labs D1 Seed — Migration 003
-- Generated from: Sales DB Excel + Zoom meeting transcripts (2026-02-23, 2026-02-24)
-- Run with: npx wrangler d1 execute candidlabs --file db/seed/003_seed_data.sql --remote

-- Clear demo data
DELETE FROM tasks     WHERE project_id IN (SELECT id FROM projects WHERE org_id = 'candid');
DELETE FROM projects  WHERE org_id = 'candid';
DELETE FROM deals     WHERE id LIKE 'DL-%';
DELETE FROM contacts  WHERE id LIKE 'CON-%';
DELETE FROM companies WHERE id LIKE 'CMP-%';

-- ============================================================
-- COMPANIES
-- ============================================================
INSERT INTO companies (id, name, type, parent_id, market, channel, status, notes, meta, created_at, updated_at) VALUES ('CMP-SKD', 'Sukanda Djaya (SKD)', 'distributor', NULL, 'National', 'Distributor', 'active', 'Primary national distributor. HQ Jakarta. 18 branches across Indonesia.', '{"xero_id":"","skd_code":"SKD"}', '2026-02-24T00:00:00.000Z', '2026-02-24T00:00:00.000Z');
INSERT INTO companies (id, name, type, parent_id, market, channel, status, notes, meta, created_at, updated_at) VALUES ('CMP-PNB', 'PT Panca Niaga Bali (PNB)', 'distributor', NULL, 'Bali', 'Distributor', 'active', 'Independent Bali distributor. Handles Mexicola Group and direct Bali HORECA accounts.', '{"xero_id":"","skd_code":"PNB"}', '2026-02-24T00:00:00.000Z', '2026-02-24T00:00:00.000Z');
INSERT INTO companies (id, name, type, parent_id, market, channel, status, notes, meta, created_at, updated_at) VALUES ('CMP-CITRA', 'PT Citra Nusantara Logistik', 'distributor', NULL, 'National', 'Distributor', 'active', 'Seen in sales data as Citra / PT Citra Abadi Raya (PNI).', '{}', '2026-02-24T00:00:00.000Z', '2026-02-24T00:00:00.000Z');
INSERT INTO companies (id, name, type, parent_id, market, channel, status, notes, meta, created_at, updated_at) VALUES ('CMP-SKD-JKT', 'SKD Jakarta', 'branch', 'CMP-SKD', 'Jakarta', 'Distributor', 'active', 'Primary Jakarta branch. Key contacts: Fanny (GM), Intan, Angela, Tophan.', '{}', '2026-02-24T00:00:00.000Z', '2026-02-24T00:00:00.000Z');
INSERT INTO companies (id, name, type, parent_id, market, channel, status, notes, meta, created_at, updated_at) VALUES ('CMP-SKD-BAL', 'SKD Bali', 'branch', 'CMP-SKD', 'Bali', 'Distributor', 'active', 'Denpasar branch.', '{}', '2026-02-24T00:00:00.000Z', '2026-02-24T00:00:00.000Z');
INSERT INTO companies (id, name, type, parent_id, market, channel, status, notes, meta, created_at, updated_at) VALUES ('CMP-SKD-SBY', 'SKD Surabaya', 'branch', 'CMP-SKD', 'Surabaya', 'Distributor', 'active', '', '{}', '2026-02-24T00:00:00.000Z', '2026-02-24T00:00:00.000Z');
INSERT INTO companies (id, name, type, parent_id, market, channel, status, notes, meta, created_at, updated_at) VALUES ('CMP-SKD-MDN', 'SKD Medan', 'branch', 'CMP-SKD', 'Medan', 'Distributor', 'active', '', '{}', '2026-02-24T00:00:00.000Z', '2026-02-24T00:00:00.000Z');
INSERT INTO companies (id, name, type, parent_id, market, channel, status, notes, meta, created_at, updated_at) VALUES ('CMP-SKD-MKS', 'SKD Makassar', 'branch', 'CMP-SKD', 'Makassar', 'Distributor', 'active', '', '{}', '2026-02-24T00:00:00.000Z', '2026-02-24T00:00:00.000Z');
INSERT INTO companies (id, name, type, parent_id, market, channel, status, notes, meta, created_at, updated_at) VALUES ('CMP-SKD-SRG', 'SKD Semarang', 'branch', 'CMP-SKD', 'Semarang', 'Distributor', 'active', '', '{}', '2026-02-24T00:00:00.000Z', '2026-02-24T00:00:00.000Z');
INSERT INTO companies (id, name, type, parent_id, market, channel, status, notes, meta, created_at, updated_at) VALUES ('CMP-SKD-BDG', 'SKD Bandung', 'branch', 'CMP-SKD', 'Bandung', 'Distributor', 'active', 'Cimahi branch.', '{}', '2026-02-24T00:00:00.000Z', '2026-02-24T00:00:00.000Z');
INSERT INTO companies (id, name, type, parent_id, market, channel, status, notes, meta, created_at, updated_at) VALUES ('CMP-SKD-LBK', 'SKD Lombok', 'branch', 'CMP-SKD', 'Lombok', 'Distributor', 'active', '', '{}', '2026-02-24T00:00:00.000Z', '2026-02-24T00:00:00.000Z');
INSERT INTO companies (id, name, type, parent_id, market, channel, status, notes, meta, created_at, updated_at) VALUES ('CMP-SKD-MNG', 'SKD Malang', 'branch', 'CMP-SKD', 'Malang', 'Distributor', 'active', '', '{}', '2026-02-24T00:00:00.000Z', '2026-02-24T00:00:00.000Z');
INSERT INTO companies (id, name, type, parent_id, market, channel, status, notes, meta, created_at, updated_at) VALUES ('CMP-SKD-MND', 'SKD Manado', 'branch', 'CMP-SKD', 'Manado', 'Distributor', 'active', '', '{}', '2026-02-24T00:00:00.000Z', '2026-02-24T00:00:00.000Z');
INSERT INTO companies (id, name, type, parent_id, market, channel, status, notes, meta, created_at, updated_at) VALUES ('CMP-SKD-PLM', 'SKD Palembang', 'branch', 'CMP-SKD', 'Palembang', 'Distributor', 'active', '', '{}', '2026-02-24T00:00:00.000Z', '2026-02-24T00:00:00.000Z');
INSERT INTO companies (id, name, type, parent_id, market, channel, status, notes, meta, created_at, updated_at) VALUES ('CMP-SKD-PKU', 'SKD Pekanbaru', 'branch', 'CMP-SKD', 'Pekanbaru', 'Distributor', 'active', '', '{}', '2026-02-24T00:00:00.000Z', '2026-02-24T00:00:00.000Z');
INSERT INTO companies (id, name, type, parent_id, market, channel, status, notes, meta, created_at, updated_at) VALUES ('CMP-SKD-LPG', 'SKD Lampung', 'branch', 'CMP-SKD', 'Lampung', 'Distributor', 'active', '', '{}', '2026-02-24T00:00:00.000Z', '2026-02-24T00:00:00.000Z');
INSERT INTO companies (id, name, type, parent_id, market, channel, status, notes, meta, created_at, updated_at) VALUES ('CMP-SKD-BTM', 'SKD Batam', 'branch', 'CMP-SKD', 'Batam', 'Distributor', 'active', '', '{}', '2026-02-24T00:00:00.000Z', '2026-02-24T00:00:00.000Z');
INSERT INTO companies (id, name, type, parent_id, market, channel, status, notes, meta, created_at, updated_at) VALUES ('CMP-SKD-BJM', 'SKD Banjarmasin', 'branch', 'CMP-SKD', 'Banjarmasin', 'Distributor', 'active', '', '{}', '2026-02-24T00:00:00.000Z', '2026-02-24T00:00:00.000Z');
INSERT INTO companies (id, name, type, parent_id, market, channel, status, notes, meta, created_at, updated_at) VALUES ('CMP-SKD-BLP', 'SKD Balikpapan', 'branch', 'CMP-SKD', 'Balikpapan', 'Distributor', 'active', '', '{}', '2026-02-24T00:00:00.000Z', '2026-02-24T00:00:00.000Z');
INSERT INTO companies (id, name, type, parent_id, market, channel, status, notes, meta, created_at, updated_at) VALUES ('CMP-SKD-PDG', 'SKD Padang', 'branch', 'CMP-SKD', 'Padang', 'Distributor', 'active', '', '{}', '2026-02-24T00:00:00.000Z', '2026-02-24T00:00:00.000Z');
INSERT INTO companies (id, name, type, parent_id, market, channel, status, notes, meta, created_at, updated_at) VALUES ('CMP-MEXICOLA', 'Mexicola Group', 'group', NULL, 'Bali', 'Horeca', 'active', 'Bali hospitality group. Venues: Da Maria, Mexicola Seminyak, Mexicola Canggu, Mosto. Supplied via PNB.', '{"account_id":"ACC_E1C65CD937"}', '2026-02-24T00:00:00.000Z', '2026-02-24T00:00:00.000Z');
INSERT INTO companies (id, name, type, parent_id, market, channel, status, notes, meta, created_at, updated_at) VALUES ('CMP-KUDETA', 'KuDeTa Group', 'group', NULL, 'Bali', 'Horeca', 'active', 'Bali hospitality group. Venues: KuDeTa, SaltLick.', '{"account_id":"ACC_5E1C698588"}', '2026-02-24T00:00:00.000Z', '2026-02-24T00:00:00.000Z');
INSERT INTO companies (id, name, type, parent_id, market, channel, status, notes, meta, created_at, updated_at) VALUES ('CMP-HWG', 'Holywings Group', 'group', NULL, 'National', 'Horeca', 'active', 'New major account. 11+ outlets nationally. Won Feb 2026. Rebate mechanism via SKD.', '{}', '2026-02-24T00:00:00.000Z', '2026-02-24T00:00:00.000Z');
INSERT INTO companies (id, name, type, parent_id, market, channel, status, notes, meta, created_at, updated_at) VALUES ('CMP-FOODHALL', 'Foodhall Indonesia', 'group', NULL, 'Jakarta', 'Modern Trade', 'active', 'Premium modern trade chain. 14 outlets across Jakarta. Supplied via SKD Jakarta.', '{}', '2026-02-24T00:00:00.000Z', '2026-02-24T00:00:00.000Z');
INSERT INTO companies (id, name, type, parent_id, market, channel, status, notes, meta, created_at, updated_at) VALUES ('CMP-GLUCKY', 'Grand Lucky', 'group', NULL, 'Jakarta', 'Modern Trade', 'active', 'Modern trade chain. 6 outlets: BSD, Cinere, MOI, PIK, Radio Dalam, SCBD.', '{}', '2026-02-24T00:00:00.000Z', '2026-02-24T00:00:00.000Z');
INSERT INTO companies (id, name, type, parent_id, market, channel, status, notes, meta, created_at, updated_at) VALUES ('CMP-OSTERIA', 'Osteria Gia Group', 'group', NULL, 'Jakarta', 'Horeca', 'active', 'Jakarta restaurant group. 7 outlets across Jakarta.', '{}', '2026-02-24T00:00:00.000Z', '2026-02-24T00:00:00.000Z');
INSERT INTO companies (id, name, type, parent_id, market, channel, status, notes, meta, created_at, updated_at) VALUES ('CMP-LOTTE', 'PT Lotte Mart Indonesia', 'group', NULL, 'Jakarta', 'Modern Trade', 'at_risk', 'Lotte Mart modern trade. 5 outlets. Last order Sep 2025 — at risk.', '{}', '2026-02-24T00:00:00.000Z', '2026-02-24T00:00:00.000Z');
INSERT INTO companies (id, name, type, parent_id, market, channel, status, notes, meta, created_at, updated_at) VALUES ('CMP-POTATO', 'Potato Head', 'venue', NULL, 'National', 'Horeca', 'active', 'Premium hospitality group. Jakarta + Bali properties. Direct account.', '{"account_id":"ACC_174C89D505"}', '2026-02-24T00:00:00.000Z', '2026-02-24T00:00:00.000Z');
INSERT INTO companies (id, name, type, parent_id, market, channel, status, notes, meta, created_at, updated_at) VALUES ('CMP-FINNS', 'Finns Beach Club', 'venue', NULL, 'Bali', 'Horeca', 'active', 'Canggu, Bali. Supplied via PNB.', '{"account_id":"ACC_F0909F750A"}', '2026-02-24T00:00:00.000Z', '2026-02-24T00:00:00.000Z');
INSERT INTO companies (id, name, type, parent_id, market, channel, status, notes, meta, created_at, updated_at) VALUES ('CMP-AYANA', 'Ayana Bali', 'venue', NULL, 'Bali', 'Horeca', 'active', 'Luxury Bali hotel/resort.', '{"account_id":"ACC_6A14F4768D"}', '2026-02-24T00:00:00.000Z', '2026-02-24T00:00:00.000Z');
INSERT INTO companies (id, name, type, parent_id, market, channel, status, notes, meta, created_at, updated_at) VALUES ('CMP-4S', 'Four Seasons Jimbaran', 'venue', NULL, 'Bali', 'Horeca', 'active', 'Four Seasons Bali at Jimbaran Bay.', '{"account_id":"ACC_7822D3A394"}', '2026-02-24T00:00:00.000Z', '2026-02-24T00:00:00.000Z');
INSERT INTO companies (id, name, type, parent_id, market, channel, status, notes, meta, created_at, updated_at) VALUES ('CMP-KEMP', 'Kempinski Bali', 'venue', NULL, 'Bali', 'Horeca', 'at_risk', 'Last order Dec 2023. Needs re-engagement.', '{"account_id":"ACC_7DE0E12168"}', '2026-02-24T00:00:00.000Z', '2026-02-24T00:00:00.000Z');
INSERT INTO companies (id, name, type, parent_id, market, channel, status, notes, meta, created_at, updated_at) VALUES ('CMP-VICEROY', 'Viceroy Ubud', 'venue', NULL, 'Bali', 'Horeca', 'active', 'Luxury boutique resort, Ubud.', '{}', '2026-02-24T00:00:00.000Z', '2026-02-24T00:00:00.000Z');
INSERT INTO companies (id, name, type, parent_id, market, channel, status, notes, meta, created_at, updated_at) VALUES ('CMP-RAFFLES', 'Raffles Bali', 'venue', NULL, 'Bali', 'Horeca', 'active', 'Raffles Hotel Bali, Jimbaran.', '{}', '2026-02-24T00:00:00.000Z', '2026-02-24T00:00:00.000Z');
INSERT INTO companies (id, name, type, parent_id, market, channel, status, notes, meta, created_at, updated_at) VALUES ('CMP-CIRCLEK', 'Circle K Indonesia', 'group', NULL, 'National', 'Modern Trade', 'lead', 'Modern trade chain. Full outlet list received Feb 2026. Target for rollout with Muhammad.', '{}', '2026-02-24T00:00:00.000Z', '2026-02-24T00:00:00.000Z');
INSERT INTO companies (id, name, type, parent_id, market, channel, status, notes, meta, created_at, updated_at) VALUES ('CMP-KMI', 'KMI', 'manufacturer', NULL, 'Indonesia', 'Manufacturing', 'active', 'Co-packer / contract manufacturer. Key contact: Pad. Discussing revised payment terms and new SKUs.', '{}', '2026-02-24T00:00:00.000Z', '2026-02-24T00:00:00.000Z');
INSERT INTO companies (id, name, type, parent_id, market, channel, status, notes, meta, created_at, updated_at) VALUES ('CMP-BOOZIA', 'Boozia', 'partner', NULL, 'Thailand', 'Export', 'active', 'Thai JV/export partner. Contacts: Michael (brand), Can (BD), Shaq (distribution). Business plan due.', '{}', '2026-02-24T00:00:00.000Z', '2026-02-24T00:00:00.000Z');
INSERT INTO companies (id, name, type, parent_id, market, channel, status, notes, meta, created_at, updated_at) VALUES ('CMP-DIAMOND', 'Diamond Beverages', 'distributor', NULL, 'Indonesia', 'Distributor', 'lead', 'Potential major distribution partner. Contract under Singapore legal review.', '{}', '2026-02-24T00:00:00.000Z', '2026-02-24T00:00:00.000Z');

-- ============================================================
-- CONTACTS
-- ============================================================
INSERT INTO contacts (id, name, email, phone, role, company_id, notes, meta, created_at, updated_at) VALUES ('CON-FANNY', 'Fanny', 'fanny@sukanda.co.id', '', 'General Manager / Leadership', 'CMP-SKD-JKT', 'Jakarta GM. Primary escalation point. Arrange group meeting with Dee and Anders re Holywings growth.', '{}', '2026-02-24T00:00:00.000Z', '2026-02-24T00:00:00.000Z');
INSERT INTO contacts (id, name, email, phone, role, company_id, notes, meta, created_at, updated_at) VALUES ('CON-JOSHUA', 'Joshua', '', '', 'Sales', 'CMP-SKD-JKT', 'Sales contact. Follow up re Holywings rebate process and outlet lists.', '{}', '2026-02-24T00:00:00.000Z', '2026-02-24T00:00:00.000Z');
INSERT INTO contacts (id, name, email, phone, role, company_id, notes, meta, created_at, updated_at) VALUES ('CON-INTAN', 'Intan', '', '', 'Branch Contact', 'CMP-SKD-JKT', 'Jakarta branch. Push for detailed branch data and sales projections.', '{}', '2026-02-24T00:00:00.000Z', '2026-02-24T00:00:00.000Z');
INSERT INTO contacts (id, name, email, phone, role, company_id, notes, meta, created_at, updated_at) VALUES ('CON-ANGELA', 'Angela', '', '', 'Branch Contact', 'CMP-SKD-JKT', 'Jakarta branch.', '{}', '2026-02-24T00:00:00.000Z', '2026-02-24T00:00:00.000Z');
INSERT INTO contacts (id, name, email, phone, role, company_id, notes, meta, created_at, updated_at) VALUES ('CON-TOPHAN', 'Tophan', '', '', 'Branch Contact', 'CMP-SKD-JKT', 'Jakarta branch.', '{}', '2026-02-24T00:00:00.000Z', '2026-02-24T00:00:00.000Z');
INSERT INTO contacts (id, name, email, phone, role, company_id, notes, meta, created_at, updated_at) VALUES ('CON-MIRZAN', 'Mirzan', 'mirzan@candidmixers.com', '', 'Sales / Sukanda Liaison', 'CMP-SKD', 'Sukanda liaison and Candid sales team. Key for distributor communications.', '{}', '2026-02-24T00:00:00.000Z', '2026-02-24T00:00:00.000Z');
INSERT INTO contacts (id, name, email, phone, role, company_id, notes, meta, created_at, updated_at) VALUES ('CON-PAD', 'Pad', '', '', 'Key Contact', 'CMP-KMI', 'Face-to-face meeting needed this week re revised agreement and new SKUs.', '{}', '2026-02-24T00:00:00.000Z', '2026-02-24T00:00:00.000Z');
INSERT INTO contacts (id, name, email, phone, role, company_id, notes, meta, created_at, updated_at) VALUES ('CON-MICHAEL', 'Michael', '', '', 'Strategic Brand Marketing', 'CMP-BOOZIA', 'Main Boozia contact for brand and marketing strategy.', '{}', '2026-02-24T00:00:00.000Z', '2026-02-24T00:00:00.000Z');
INSERT INTO contacts (id, name, email, phone, role, company_id, notes, meta, created_at, updated_at) VALUES ('CON-CAN', 'Can', '', '', 'Business Development / Thai Team Lead', 'CMP-BOOZIA', 'Thai team lead. Responsible for 12-month forecast and business plan.', '{}', '2026-02-24T00:00:00.000Z', '2026-02-24T00:00:00.000Z');
INSERT INTO contacts (id, name, email, phone, role, company_id, notes, meta, created_at, updated_at) VALUES ('CON-SHAQ', 'Shaq', '', '', 'Distribution', 'CMP-BOOZIA', 'Handles distribution side of Boozia JV.', '{}', '2026-02-24T00:00:00.000Z', '2026-02-24T00:00:00.000Z');

-- ============================================================
-- DEALS
-- ============================================================
INSERT INTO deals (id, title, company_id, contact_id, value, stage, channel_type, notes, meta, created_at, updated_at) VALUES ('DL-SKD-Q1', 'SKD Q1 2026 — Full Truck PO', 'CMP-SKD-JKT', 'CON-JOSHUA', 450000000, 'negotiation', 'distributor', 'Push for 5,000+ case (full truck) PO this week. Post-Ramadan roadshows (Bali etc.) to be planned now.', '{}', '2026-02-24T00:00:00.000Z', '2026-02-24T00:00:00.000Z');
INSERT INTO deals (id, title, company_id, contact_id, value, stage, channel_type, notes, meta, created_at, updated_at) VALUES ('DL-HWG-001', 'Holywings Group — National Account', 'CMP-HWG', 'CON-JOSHUA', 120000000, 'closed-won', 'distributor', 'Won Feb 2026. 11+ outlets. Rebate mechanism via SKD — follow up on timing and processing. Build full outlet list.', '{}', '2026-02-24T00:00:00.000Z', '2026-02-24T00:00:00.000Z');
INSERT INTO deals (id, title, company_id, contact_id, value, stage, channel_type, notes, meta, created_at, updated_at) VALUES ('DL-KMI-001', 'KMI — Revised Manufacturing Terms', 'CMP-KMI', 'CON-PAD', 0, 'negotiation', 'direct', 'Revised payment terms, updated contract/addendum, new discount and volume commitments. Face-to-face with Pad this week.', '{}', '2026-02-24T00:00:00.000Z', '2026-02-24T00:00:00.000Z');
INSERT INTO deals (id, title, company_id, contact_id, value, stage, channel_type, notes, meta, created_at, updated_at) VALUES ('DL-BOO-001', 'Boozia — Thailand Export Programme', 'CMP-BOOZIA', 'CON-CAN', 0, 'proposal', 'direct', 'Thai JV/export. Business plan due from Can. FDA docs, label examples, pricing PDF in progress.', '{}', '2026-02-24T00:00:00.000Z', '2026-02-24T00:00:00.000Z');
INSERT INTO deals (id, title, company_id, contact_id, value, stage, channel_type, notes, meta, created_at, updated_at) VALUES ('DL-DIA-001', 'Diamond — National Distribution Partnership', 'CMP-DIAMOND', NULL, 0, 'negotiation', 'distributor', 'Major potential distribution partner. Singapore legal quotation for contract review in progress.', '{}', '2026-02-24T00:00:00.000Z', '2026-02-24T00:00:00.000Z');
INSERT INTO deals (id, title, company_id, contact_id, value, stage, channel_type, notes, meta, created_at, updated_at) VALUES ('DL-CIK-001', 'Circle K — Modern Trade Rollout', 'CMP-CIRCLEK', NULL, 0, 'prospecting', 'distributor', 'Full outlet list received Feb 2026. Coordinate with Muhammad on targeted launch and promotions.', '{}', '2026-02-24T00:00:00.000Z', '2026-02-24T00:00:00.000Z');

-- ============================================================
-- PROJECTS
-- ============================================================
INSERT INTO projects (id, name, description, owner, status, start_date, due_date, project_type, owner_team, visible_to_roles, visible_to_teams, visibility_mode, org_id, meta, created_at, updated_at) VALUES
('PRJ-FOUNDERS-Q1', 'Founders Priorities — Q1 2026', 'Action items from Candid Founders meeting 2026-02-23. Covers fundraising, KMI, SKD, Holywings, new SKUs, investment deck.', 'Dee', 'active', '2026-02-23', '2026-03-31', 'commercial', 'leadership', '["admin","team"]', '["leadership"]', 'internal_only', 'candid', '{"source_meeting":"Candid Founders 2026-02-23"}', '2026-02-23T00:00:00.000Z', '2026-02-24T00:00:00.000Z');
INSERT INTO projects (id, name, description, owner, status, start_date, due_date, project_type, owner_team, visible_to_roles, visible_to_teams, visibility_mode, org_id, meta, created_at, updated_at) VALUES
('PRJ-SALES-FEB', 'Sales Drive — Feb–Mar 2026', 'Action items from Candid Sales Weekly 2026-02-24. Focus: Holywings, SKD data, Circle K, branch visits, CRM building.', 'Dee', 'active', '2026-02-24', '2026-03-31', 'commercial', 'sales', '["admin","team"]', '["sales","leadership"]', 'internal_only', 'candid', '{"source_meeting":"Candid Sales Weekly 2026-02-24"}', '2026-02-24T00:00:00.000Z', '2026-02-24T00:00:00.000Z');

-- ============================================================
-- TASKS — Founders Q1 2026
-- ============================================================
INSERT INTO tasks (id, project_id, title, assignee, status, priority, due_date, owner_team, visible_to_roles, visible_to_teams, meta, created_at, updated_at) VALUES ('TSK-F01', 'PRJ-FOUNDERS-Q1', 'Share updated financial/valuation models re Merrick buyout with group', 'Dee', 'to-do', 'high', '2026-03-01', 'leadership', '["admin","team"]', '["leadership","sales"]', '{}', '2026-02-23T00:00:00.000Z', '2026-02-24T00:00:00.000Z');
INSERT INTO tasks (id, project_id, title, assignee, status, priority, due_date, owner_team, visible_to_roles, visible_to_teams, meta, created_at, updated_at) VALUES ('TSK-F02', 'PRJ-FOUNDERS-Q1', 'Put together proposal to KMI re revised payment terms and updated contract/addendum', 'Dee', 'to-do', 'high', '2026-03-01', 'leadership', '["admin","team"]', '["leadership","sales"]', '{}', '2026-02-23T00:00:00.000Z', '2026-02-24T00:00:00.000Z');
INSERT INTO tasks (id, project_id, title, assignee, status, priority, due_date, owner_team, visible_to_roles, visible_to_teams, meta, created_at, updated_at) VALUES ('TSK-F03', 'PRJ-FOUNDERS-Q1', 'Meet face-to-face with Pad at KMI this week re revised agreement', 'Dee', 'to-do', 'high', '2026-02-28', 'leadership', '["admin","team"]', '["leadership","sales"]', '{}', '2026-02-23T00:00:00.000Z', '2026-02-24T00:00:00.000Z');
INSERT INTO tasks (id, project_id, title, assignee, status, priority, due_date, owner_team, visible_to_roles, visible_to_teams, meta, created_at, updated_at) VALUES ('TSK-F04', 'PRJ-FOUNDERS-Q1', 'Raise with Mirzan (Sukanda) question of product recall mechanism — replacement stock vs cash', 'Dee', 'to-do', 'high', '2026-03-01', 'leadership', '["admin","team"]', '["leadership","sales"]', '{}', '2026-02-23T00:00:00.000Z', '2026-02-24T00:00:00.000Z');
INSERT INTO tasks (id, project_id, title, assignee, status, priority, due_date, owner_team, visible_to_roles, visible_to_teams, meta, created_at, updated_at) VALUES ('TSK-F05', 'PRJ-FOUNDERS-Q1', 'Push Jules and Mirzan for more detailed sales data and account contact info. Follow up with Fanny re data access.', 'Dee', 'to-do', 'high', '2026-03-07', 'leadership', '["admin","team"]', '["leadership","sales"]', '{}', '2026-02-23T00:00:00.000Z', '2026-02-24T00:00:00.000Z');
INSERT INTO tasks (id, project_id, title, assignee, status, priority, due_date, owner_team, visible_to_roles, visible_to_teams, meta, created_at, updated_at) VALUES ('TSK-F06', 'PRJ-FOUNDERS-Q1', 'Follow up with Fanny for more account contact info and push for improved data sharing from Sukanda', 'Alistair', 'to-do', 'high', '2026-03-07', 'leadership', '["admin","team"]', '["leadership","sales"]', '{}', '2026-02-23T00:00:00.000Z', '2026-02-24T00:00:00.000Z');
INSERT INTO tasks (id, project_id, title, assignee, status, priority, due_date, owner_team, visible_to_roles, visible_to_teams, meta, created_at, updated_at) VALUES ('TSK-F07', 'PRJ-FOUNDERS-Q1', 'Coordinate group face-to-face meeting mid-late March (incl. Anders). Plan to invite Elliot for in-depth discussions.', 'Dee', 'to-do', 'high', '2026-03-20', 'leadership', '["admin","team"]', '["leadership","sales"]', '{}', '2026-02-23T00:00:00.000Z', '2026-02-24T00:00:00.000Z');
INSERT INTO tasks (id, project_id, title, assignee, status, priority, due_date, owner_team, visible_to_roles, visible_to_teams, meta, created_at, updated_at) VALUES ('TSK-F08', 'PRJ-FOUNDERS-Q1', 'Start building skeleton of pitch deck over next few weeks — incorporate recent wins and partnerships', 'Dee', 'to-do', 'high', '2026-03-31', 'leadership', '["admin","team"]', '["leadership","sales"]', '{}', '2026-02-23T00:00:00.000Z', '2026-02-24T00:00:00.000Z');
INSERT INTO tasks (id, project_id, title, assignee, status, priority, due_date, owner_team, visible_to_roles, visible_to_teams, meta, created_at, updated_at) VALUES ('TSK-F09', 'PRJ-FOUNDERS-Q1', 'Consider and provide input on what to include in new pitch/investment deck', 'Team', 'to-do', 'high', '2026-03-15', 'leadership', '["admin","team"]', '["leadership","sales"]', '{}', '2026-02-23T00:00:00.000Z', '2026-02-24T00:00:00.000Z');
INSERT INTO tasks (id, project_id, title, assignee, status, priority, due_date, owner_team, visible_to_roles, visible_to_teams, meta, created_at, updated_at) VALUES ('TSK-F10', 'PRJ-FOUNDERS-Q1', 'Push SKD team for full truck (5,000+ cases) PO this week', 'Jules', 'to-do', 'high', '2026-02-28', 'leadership', '["admin","team"]', '["leadership","sales"]', '{}', '2026-02-23T00:00:00.000Z', '2026-02-24T00:00:00.000Z');
INSERT INTO tasks (id, project_id, title, assignee, status, priority, due_date, owner_team, visible_to_roles, visible_to_teams, meta, created_at, updated_at) VALUES ('TSK-F11', 'PRJ-FOUNDERS-Q1', 'Ensure sales call scheduled and completed for end of month with improved data sharing', 'Alistair', 'to-do', 'high', '2026-02-28', 'leadership', '["admin","team"]', '["leadership","sales"]', '{}', '2026-02-23T00:00:00.000Z', '2026-02-24T00:00:00.000Z');
INSERT INTO tasks (id, project_id, title, assignee, status, priority, due_date, owner_team, visible_to_roles, visible_to_teams, meta, created_at, updated_at) VALUES ('TSK-F12', 'PRJ-FOUNDERS-Q1', 'Develop detailed 10-month plan/roadmap covering sales, development, fundraising, and management', 'Team', 'to-do', 'high', '2026-03-15', 'leadership', '["admin","team"]', '["leadership","sales"]', '{}', '2026-02-23T00:00:00.000Z', '2026-02-24T00:00:00.000Z');
INSERT INTO tasks (id, project_id, title, assignee, status, priority, due_date, owner_team, visible_to_roles, visible_to_teams, meta, created_at, updated_at) VALUES ('TSK-F13', 'PRJ-FOUNDERS-Q1', 'Attend and dial in to sales call tomorrow at 7:45', 'Alistair', 'to-do', 'high', '2026-02-24', 'leadership', '["admin","team"]', '["leadership","sales"]', '{}', '2026-02-23T00:00:00.000Z', '2026-02-24T00:00:00.000Z');
INSERT INTO tasks (id, project_id, title, assignee, status, priority, due_date, owner_team, visible_to_roles, visible_to_teams, meta, created_at, updated_at) VALUES ('TSK-F14', 'PRJ-FOUNDERS-Q1', 'Push for confirmed date from SKD for post-Ramadan roadshows (Bali etc.) — plan now, not after Ramadan', 'Dee', 'to-do', 'high', '2026-03-07', 'leadership', '["admin","team"]', '["leadership","sales"]', '{}', '2026-02-23T00:00:00.000Z', '2026-02-24T00:00:00.000Z');
INSERT INTO tasks (id, project_id, title, assignee, status, priority, due_date, owner_team, visible_to_roles, visible_to_teams, meta, created_at, updated_at) VALUES ('TSK-F15', 'PRJ-FOUNDERS-Q1', 'Monitor and follow up with Sukanda/Fanny/Narez re Holywings rebate mechanism and timing', 'Dee', 'to-do', 'high', '2026-03-07', 'leadership', '["admin","team"]', '["leadership","sales"]', '{}', '2026-02-23T00:00:00.000Z', '2026-02-24T00:00:00.000Z');
INSERT INTO tasks (id, project_id, title, assignee, status, priority, due_date, owner_team, visible_to_roles, visible_to_teams, meta, created_at, updated_at) VALUES ('TSK-F16', 'PRJ-FOUNDERS-Q1', 'Continue to monitor and chase initial orders from Holywings. Ensure Jules is proactive.', 'Dee', 'to-do', 'high', '2026-03-07', 'leadership', '["admin","team"]', '["leadership","sales"]', '{}', '2026-02-23T00:00:00.000Z', '2026-02-24T00:00:00.000Z');
INSERT INTO tasks (id, project_id, title, assignee, status, priority, due_date, owner_team, visible_to_roles, visible_to_teams, meta, created_at, updated_at) VALUES ('TSK-F17', 'PRJ-FOUNDERS-Q1', 'Share initial list of Holywings outlets and first PO details with the group', 'Dee', 'to-do', 'high', '2026-02-26', 'leadership', '["admin","team"]', '["leadership","sales"]', '{}', '2026-02-23T00:00:00.000Z', '2026-02-24T00:00:00.000Z');
INSERT INTO tasks (id, project_id, title, assignee, status, priority, due_date, owner_team, visible_to_roles, visible_to_teams, meta, created_at, updated_at) VALUES ('TSK-F18', 'PRJ-FOUNDERS-Q1', 'Start putting together plan for Merrick buyout — present options to group by end of week', 'Dee', 'to-do', 'high', '2026-02-28', 'leadership', '["admin","team"]', '["leadership","sales"]', '{}', '2026-02-23T00:00:00.000Z', '2026-02-24T00:00:00.000Z');
INSERT INTO tasks (id, project_id, title, assignee, status, priority, due_date, owner_team, visible_to_roles, visible_to_teams, meta, created_at, updated_at) VALUES ('TSK-F19', 'PRJ-FOUNDERS-Q1', 'Consider personal participation in Merrick buyout — provide input on structure and investment', 'Team', 'to-do', 'high', '2026-03-01', 'leadership', '["admin","team"]', '["leadership","sales"]', '{}', '2026-02-23T00:00:00.000Z', '2026-02-24T00:00:00.000Z');
INSERT INTO tasks (id, project_id, title, assignee, status, priority, due_date, owner_team, visible_to_roles, visible_to_teams, meta, created_at, updated_at) VALUES ('TSK-F20', 'PRJ-FOUNDERS-Q1', 'Raise with Sukanda need for more info/support re target accounts, wish list, and additional collaboration', 'Dee', 'to-do', 'high', '2026-03-07', 'leadership', '["admin","team"]', '["leadership","sales"]', '{}', '2026-02-23T00:00:00.000Z', '2026-02-24T00:00:00.000Z');
INSERT INTO tasks (id, project_id, title, assignee, status, priority, due_date, owner_team, visible_to_roles, visible_to_teams, meta, created_at, updated_at) VALUES ('TSK-F21', 'PRJ-FOUNDERS-Q1', 'Incentivize SKD staff to collect and share account contact details to build CRM/database', 'Dee', 'to-do', 'high', '2026-03-14', 'leadership', '["admin","team"]', '["leadership","sales"]', '{}', '2026-02-23T00:00:00.000Z', '2026-02-24T00:00:00.000Z');
INSERT INTO tasks (id, project_id, title, assignee, status, priority, due_date, owner_team, visible_to_roles, visible_to_teams, meta, created_at, updated_at) VALUES ('TSK-F22', 'PRJ-FOUNDERS-Q1', 'Plan and execute launch of two new SKUs in H2 2026 — initial small production runs and in-market testing', 'Dee', 'to-do', 'high', '2026-06-30', 'leadership', '["admin","team"]', '["leadership","sales"]', '{}', '2026-02-23T00:00:00.000Z', '2026-02-24T00:00:00.000Z');
INSERT INTO tasks (id, project_id, title, assignee, status, priority, due_date, owner_team, visible_to_roles, visible_to_teams, meta, created_at, updated_at) VALUES ('TSK-F23', 'PRJ-FOUNDERS-Q1', 'Begin building investment deck over next 6 months for fundraising', 'Dee', 'to-do', 'high', '2026-06-30', 'leadership', '["admin","team"]', '["leadership","sales"]', '{}', '2026-02-23T00:00:00.000Z', '2026-02-24T00:00:00.000Z');

-- ============================================================
-- TASKS — Sales Drive Feb-Mar 2026
-- ============================================================
INSERT INTO tasks (id, project_id, title, assignee, status, priority, due_date, owner_team, visible_to_roles, visible_to_teams, meta, created_at, updated_at) VALUES ('TSK-S01', 'PRJ-SALES-FEB', 'Follow up with SKD (Joshua et al) re Holywings rebate process — timing, volumes, outlets not in top 10', 'Team', 'to-do', 'high', '2026-02-27', 'sales', '["admin","team"]', '["leadership","sales"]', '{}', '2026-02-24T00:00:00.000Z', '2026-02-24T00:00:00.000Z');
INSERT INTO tasks (id, project_id, title, assignee, status, priority, due_date, owner_team, visible_to_roles, visible_to_teams, meta, created_at, updated_at) VALUES ('TSK-S02', 'PRJ-SALES-FEB', 'Remind and follow up daily with Holywings Group contacts. Update monthly re rebate timing.', 'Team', 'to-do', 'high', '2026-02-28', 'sales', '["admin","team"]', '["leadership","sales"]', '{}', '2026-02-24T00:00:00.000Z', '2026-02-24T00:00:00.000Z');
INSERT INTO tasks (id, project_id, title, assignee, status, priority, due_date, owner_team, visible_to_roles, visible_to_teams, meta, created_at, updated_at) VALUES ('TSK-S03', 'PRJ-SALES-FEB', 'Build and maintain full list of all Holywings outlets (beyond initial 11) — locations and contact details', 'Team', 'to-do', 'high', '2026-02-28', 'sales', '["admin","team"]', '["leadership","sales"]', '{}', '2026-02-24T00:00:00.000Z', '2026-02-24T00:00:00.000Z');
INSERT INTO tasks (id, project_id, title, assignee, status, priority, due_date, owner_team, visible_to_roles, visible_to_teams, meta, created_at, updated_at) VALUES ('TSK-S04', 'PRJ-SALES-FEB', 'Visit Santiago today — confirm direct vs SKD buying arrangement, clarify payment terms', 'Team', 'to-do', 'high', '2026-02-24', 'sales', '["admin","team"]', '["leadership","sales"]', '{}', '2026-02-24T00:00:00.000Z', '2026-02-24T00:00:00.000Z');
INSERT INTO tasks (id, project_id, title, assignee, status, priority, due_date, owner_team, visible_to_roles, visible_to_teams, meta, created_at, updated_at) VALUES ('TSK-S05', 'PRJ-SALES-FEB', 'Plan and coordinate branch visits (Bandung, Makassar, Malang etc.) with SKD using Holywings as springboard', 'Team', 'to-do', 'high', '2026-03-14', 'sales', '["admin","team"]', '["leadership","sales"]', '{}', '2026-02-24T00:00:00.000Z', '2026-02-24T00:00:00.000Z');
INSERT INTO tasks (id, project_id, title, assignee, status, priority, due_date, owner_team, visible_to_roles, visible_to_teams, meta, created_at, updated_at) VALUES ('TSK-S06', 'PRJ-SALES-FEB', 'Collect all contact details (names, numbers, PICs) from every SKD branch/partner interaction. Send to Fery for CRM.', 'Team', 'to-do', 'high', '2026-03-07', 'sales', '["admin","team"]', '["leadership","sales"]', '{}', '2026-02-24T00:00:00.000Z', '2026-02-24T00:00:00.000Z');
INSERT INTO tasks (id, project_id, title, assignee, status, priority, due_date, owner_team, visible_to_roles, visible_to_teams, meta, created_at, updated_at) VALUES ('TSK-S07', 'PRJ-SALES-FEB', 'Start logging all deliveries — stock sent, date, expiry/batch, depletions. Managed via Fery.', 'Team', 'to-do', 'high', '2026-02-28', 'sales', '["admin","team"]', '["leadership","sales"]', '{}', '2026-02-24T00:00:00.000Z', '2026-02-24T00:00:00.000Z');
INSERT INTO tasks (id, project_id, title, assignee, status, priority, due_date, owner_team, visible_to_roles, visible_to_teams, meta, created_at, updated_at) VALUES ('TSK-S08', 'PRJ-SALES-FEB', 'Update and push SKD (Intan, Angela, Tophan) for branch data, contacts, sales projections. Escalate to Fanny if unresponsive.', 'Team', 'to-do', 'high', '2026-03-07', 'sales', '["admin","team"]', '["leadership","sales"]', '{}', '2026-02-24T00:00:00.000Z', '2026-02-24T00:00:00.000Z');
INSERT INTO tasks (id, project_id, title, assignee, status, priority, due_date, owner_team, visible_to_roles, visible_to_teams, meta, created_at, updated_at) VALUES ('TSK-S09', 'PRJ-SALES-FEB', 'Arrange and propose monthly meeting with Sukanda Jakarta team to clarify open points', 'Team', 'to-do', 'high', '2026-03-07', 'sales', '["admin","team"]', '["leadership","sales"]', '{}', '2026-02-24T00:00:00.000Z', '2026-02-24T00:00:00.000Z');
INSERT INTO tasks (id, project_id, title, assignee, status, priority, due_date, owner_team, visible_to_roles, visible_to_teams, meta, created_at, updated_at) VALUES ('TSK-S10', 'PRJ-SALES-FEB', 'Check with Harmon (via Alistair) and Potato Head for follow-up meetings and sample delivery status', 'Team', 'to-do', 'high', '2026-02-27', 'sales', '["admin","team"]', '["leadership","sales"]', '{}', '2026-02-24T00:00:00.000Z', '2026-02-24T00:00:00.000Z');
INSERT INTO tasks (id, project_id, title, assignee, status, priority, due_date, owner_team, visible_to_roles, visible_to_teams, meta, created_at, updated_at) VALUES ('TSK-S11', 'PRJ-SALES-FEB', 'Identify potential new sales agents/contacts in key cities from personal networks. Share with team.', 'Team', 'to-do', 'high', '2026-03-07', 'sales', '["admin","team"]', '["leadership","sales"]', '{}', '2026-02-24T00:00:00.000Z', '2026-02-24T00:00:00.000Z');
INSERT INTO tasks (id, project_id, title, assignee, status, priority, due_date, owner_team, visible_to_roles, visible_to_teams, meta, created_at, updated_at) VALUES ('TSK-S12', 'PRJ-SALES-FEB', 'Share full Circle K outlet list with team. Work with Muhammad on targeted launches and promotions.', 'Team', 'to-do', 'high', '2026-02-27', 'sales', '["admin","team"]', '["leadership","sales"]', '{}', '2026-02-24T00:00:00.000Z', '2026-02-24T00:00:00.000Z');
INSERT INTO tasks (id, project_id, title, assignee, status, priority, due_date, owner_team, visible_to_roles, visible_to_teams, meta, created_at, updated_at) VALUES ('TSK-S13', 'PRJ-SALES-FEB', 'Coordinate with Nares and Stephen re PMB/FOC — agree max 3-month FOC depletion plan or cash settlement', 'Team', 'to-do', 'high', '2026-02-27', 'sales', '["admin","team"]', '["leadership","sales"]', '{}', '2026-02-24T00:00:00.000Z', '2026-02-24T00:00:00.000Z');
INSERT INTO tasks (id, project_id, title, assignee, status, priority, due_date, owner_team, visible_to_roles, visible_to_teams, meta, created_at, updated_at) VALUES ('TSK-S14', 'PRJ-SALES-FEB', 'Check status of Indigo and Bintan accounts. If flow resumes, target adjacent hotels in Bintan.', 'Team', 'to-do', 'high', '2026-03-07', 'sales', '["admin","team"]', '["leadership","sales"]', '{}', '2026-02-24T00:00:00.000Z', '2026-02-24T00:00:00.000Z');
INSERT INTO tasks (id, project_id, title, assignee, status, priority, due_date, owner_team, visible_to_roles, visible_to_teams, meta, created_at, updated_at) VALUES ('TSK-S15', 'PRJ-SALES-FEB', 'Arrange meeting with Fanny and main team (Dieter, Anders) re Holywings win and Jakarta growth strategy', 'Team', 'to-do', 'high', '2026-03-14', 'sales', '["admin","team"]', '["leadership","sales"]', '{}', '2026-02-24T00:00:00.000Z', '2026-02-24T00:00:00.000Z');
INSERT INTO tasks (id, project_id, title, assignee, status, priority, due_date, owner_team, visible_to_roles, visible_to_teams, meta, created_at, updated_at) VALUES ('TSK-S16', 'PRJ-SALES-FEB', 'Share full Circle K outlet list with team after meeting', 'Team', 'to-do', 'high', '2026-02-24', 'sales', '["admin","team"]', '["leadership","sales"]', '{}', '2026-02-24T00:00:00.000Z', '2026-02-24T00:00:00.000Z');